city,feature_group,feature,window_weeks,rolling_stat,rolling_feature_name,n_pairs,pearson_corr,abs_pearson_corr
iq,ndvi,ndvi_ne,1,mean,ndvi_ne_rolling_1_mean,520,0.020794214858999096,0.020794214858999096
iq,ndvi,ndvi_ne,2,mean,ndvi_ne_rolling_2_mean,520,0.004810670839337088,0.004810670839337088
iq,ndvi,ndvi_ne,3,mean,ndvi_ne_rolling_3_mean,520,-0.009698126802790547,0.009698126802790547
iq,ndvi,ndvi_ne,4,mean,ndvi_ne_rolling_4_mean,520,-0.011120795899277235,0.011120795899277235
iq,ndvi,ndvi_ne,5,mean,ndvi_ne_rolling_5_mean,520,0.02139971559428868,0.02139971559428868
iq,ndvi,ndvi_ne,6,mean,ndvi_ne_rolling_6_mean,520,0.042930919516673716,0.042930919516673716
iq,ndvi,ndvi_ne,7,mean,ndvi_ne_rolling_7_mean,520,0.053014969758659714,0.053014969758659714
iq,ndvi,ndvi_ne,8,mean,ndvi_ne_rolling_8_mean,520,0.06548236699954374,0.06548236699954374
iq,ndvi,ndvi_ne,9,mean,ndvi_ne_rolling_9_mean,520,0.0830133733252018,0.0830133733252018
iq,ndvi,ndvi_ne,10,mean,ndvi_ne_rolling_10_mean,520,0.09582694365942683,0.09582694365942683
iq,ndvi,ndvi_ne,11,mean,ndvi_ne_rolling_11_mean,520,0.10888108790369527,0.10888108790369527
iq,ndvi,ndvi_ne,12,mean,ndvi_ne_rolling_12_mean,520,0.13154786156419174,0.13154786156419174
iq,ndvi,ndvi_ne,13,mean,ndvi_ne_rolling_13_mean,520,0.14070332735528315,0.14070332735528315
iq,ndvi,ndvi_ne,14,mean,ndvi_ne_rolling_14_mean,520,0.1461947749384213,0.1461947749384213
iq,ndvi,ndvi_nw,1,mean,ndvi_nw_rolling_1_mean,520,-0.009951604647600042,0.009951604647600042
iq,ndvi,ndvi_nw,2,mean,ndvi_nw_rolling_2_mean,520,-0.033059102213160184,0.033059102213160184
iq,ndvi,ndvi_nw,3,mean,ndvi_nw_rolling_3_mean,520,-0.0467969691358213,0.0467969691358213
iq,ndvi,ndvi_nw,4,mean,ndvi_nw_rolling_4_mean,520,-0.03995681562960509,0.03995681562960509
iq,ndvi,ndvi_nw,5,mean,ndvi_nw_rolling_5_mean,520,-0.005135880236234612,0.005135880236234612
iq,ndvi,ndvi_nw,6,mean,ndvi_nw_rolling_6_mean,520,0.021697951605283913,0.021697951605283913
iq,ndvi,ndvi_nw,7,mean,ndvi_nw_rolling_7_mean,520,0.041231919012549204,0.041231919012549204
iq,ndvi,ndvi_nw,8,mean,ndvi_nw_rolling_8_mean,520,0.05423664081107103,0.05423664081107103
iq,ndvi,ndvi_nw,9,mean,ndvi_nw_rolling_9_mean,520,0.0744102013202787,0.0744102013202787
iq,ndvi,ndvi_nw,10,mean,ndvi_nw_rolling_10_mean,520,0.08821014280675063,0.08821014280675063
iq,ndvi,ndvi_nw,11,mean,ndvi_nw_rolling_11_mean,520,0.10930760565881621,0.10930760565881621
iq,ndvi,ndvi_nw,12,mean,ndvi_nw_rolling_12_mean,520,0.13453389830204662,0.13453389830204662
iq,ndvi,ndvi_nw,13,mean,ndvi_nw_rolling_13_mean,520,0.1469472641018152,0.1469472641018152
iq,ndvi,ndvi_nw,14,mean,ndvi_nw_rolling_14_mean,520,0.16104470314736502,0.16104470314736502
iq,ndvi,ndvi_se,1,mean,ndvi_se_rolling_1_mean,520,-0.040642556814237715,0.040642556814237715
iq,ndvi,ndvi_se,2,mean,ndvi_se_rolling_2_mean,520,-0.08004753190268898,0.08004753190268898
iq,ndvi,ndvi_se,3,mean,ndvi_se_rolling_3_mean,520,-0.09995617174051392,0.09995617174051392
iq,ndvi,ndvi_se,4,mean,ndvi_se_rolling_4_mean,520,-0.10682159648149675,0.10682159648149675
iq,ndvi,ndvi_se,5,mean,ndvi_se_rolling_5_mean,520,-0.09068465917864584,0.09068465917864584
iq,ndvi,ndvi_se,6,mean,ndvi_se_rolling_6_mean,520,-0.07727937639737606,0.07727937639737606
iq,ndvi,ndvi_se,7,mean,ndvi_se_rolling_7_mean,520,-0.06491699035674381,0.06491699035674381
iq,ndvi,ndvi_se,8,mean,ndvi_se_rolling_8_mean,520,-0.04505035317499976,0.04505035317499976
iq,ndvi,ndvi_se,9,mean,ndvi_se_rolling_9_mean,520,-0.02702854362303575,0.02702854362303575
iq,ndvi,ndvi_se,10,mean,ndvi_se_rolling_10_mean,520,-0.015292046157011088,0.015292046157011088
iq,ndvi,ndvi_se,11,mean,ndvi_se_rolling_11_mean,520,-0.010055601331145074,0.010055601331145074
iq,ndvi,ndvi_se,12,mean,ndvi_se_rolling_12_mean,520,-0.0020049188578086514,0.0020049188578086514
iq,ndvi,ndvi_se,13,mean,ndvi_se_rolling_13_mean,520,0.002995921496541205,0.002995921496541205
iq,ndvi,ndvi_se,14,mean,ndvi_se_rolling_14_mean,520,0.009433706676802591,0.009433706676802591
iq,ndvi,ndvi_sw,1,mean,ndvi_sw_rolling_1_mean,520,0.03281197199304055,0.03281197199304055
iq,ndvi,ndvi_sw,2,mean,ndvi_sw_rolling_2_mean,520,0.010407547524601797,0.010407547524601797
iq,ndvi,ndvi_sw,3,mean,ndvi_sw_rolling_3_mean,520,-0.0006595014016354848,0.0006595014016354848
iq,ndvi,ndvi_sw,4,mean,ndvi_sw_rolling_4_mean,520,-0.005053693675649298,0.005053693675649298
iq,ndvi,ndvi_sw,5,mean,ndvi_sw_rolling_5_mean,520,0.024478627329314512,0.024478627329314512
iq,ndvi,ndvi_sw,6,mean,ndvi_sw_rolling_6_mean,520,0.04305515566035665,0.04305515566035665
iq,ndvi,ndvi_sw,7,mean,ndvi_sw_rolling_7_mean,520,0.05332298126011265,0.05332298126011265
iq,ndvi,ndvi_sw,8,mean,ndvi_sw_rolling_8_mean,520,0.06375925343402425,0.06375925343402425
iq,ndvi,ndvi_sw,9,mean,ndvi_sw_rolling_9_mean,520,0.08221359331350192,0.08221359331350192
iq,ndvi,ndvi_sw,10,mean,ndvi_sw_rolling_10_mean,520,0.09865168455966082,0.09865168455966082
iq,ndvi,ndvi_sw,11,mean,ndvi_sw_rolling_11_mean,520,0.11522610030858155,0.11522610030858155
iq,ndvi,ndvi_sw,12,mean,ndvi_sw_rolling_12_mean,520,0.1405172664674259,0.1405172664674259
iq,ndvi,ndvi_sw,13,mean,ndvi_sw_rolling_13_mean,520,0.15534573918698116,0.15534573918698116
iq,ndvi,ndvi_sw,14,mean,ndvi_sw_rolling_14_mean,520,0.16243491656597747,0.16243491656597747
iq,precipitation,precipitation_amt_mm,1,mean,precipitation_amt_mm_rolling_1_mean,520,0.09062770970838817,0.09062770970838817
iq,precipitation,precipitation_amt_mm,2,mean,precipitation_amt_mm_rolling_2_mean,520,0.09515571383911056,0.09515571383911056
iq,precipitation,precipitation_amt_mm,3,mean,precipitation_amt_mm_rolling_3_mean,520,0.11708810755579305,0.11708810755579305
iq,precipitation,precipitation_amt_mm,4,mean,precipitation_amt_mm_rolling_4_mean,520,0.14606526470392403,0.14606526470392403
iq,precipitation,precipitation_amt_mm,5,mean,precipitation_amt_mm_rolling_5_mean,520,0.14842048591755785,0.14842048591755785
iq,precipitation,precipitation_amt_mm,6,mean,precipitation_amt_mm_rolling_6_mean,520,0.15794083774757237,0.15794083774757237
iq,precipitation,precipitation_amt_mm,7,mean,precipitation_amt_mm_rolling_7_mean,520,0.16137445854170065,0.16137445854170065
iq,precipitation,precipitation_amt_mm,8,mean,precipitation_amt_mm_rolling_8_mean,520,0.1481228265122331,0.1481228265122331
iq,precipitation,precipitation_amt_mm,9,mean,precipitation_amt_mm_rolling_9_mean,520,0.13501354219973066,0.13501354219973066
iq,precipitation,precipitation_amt_mm,10,mean,precipitation_amt_mm_rolling_10_mean,520,0.12327931868273405,0.12327931868273405
iq,precipitation,precipitation_amt_mm,11,mean,precipitation_amt_mm_rolling_11_mean,520,0.10925059739301186,0.10925059739301186
iq,precipitation,precipitation_amt_mm,12,mean,precipitation_amt_mm_rolling_12_mean,520,0.0945649978769526,0.0945649978769526
iq,precipitation,precipitation_amt_mm,13,mean,precipitation_amt_mm_rolling_13_mean,520,0.07668587205278755,0.07668587205278755
iq,precipitation,precipitation_amt_mm,14,mean,precipitation_amt_mm_rolling_14_mean,520,0.060891318211647665,0.060891318211647665
iq,reanalysis,reanalysis_air_temp_k,1,mean,reanalysis_air_temp_k_rolling_1_mean,520,0.09632697466296965,0.09632697466296965
iq,reanalysis,reanalysis_air_temp_k,2,mean,reanalysis_air_temp_k_rolling_2_mean,520,0.10930210289784208,0.10930210289784208
iq,reanalysis,reanalysis_air_temp_k,3,mean,reanalysis_air_temp_k_rolling_3_mean,520,0.11787252189517766,0.11787252189517766
iq,reanalysis,reanalysis_air_temp_k,4,mean,reanalysis_air_temp_k_rolling_4_mean,520,0.12914028537394948,0.12914028537394948
iq,reanalysis,reanalysis_air_temp_k,5,mean,reanalysis_air_temp_k_rolling_5_mean,520,0.14011027524708478,0.14011027524708478
iq,reanalysis,reanalysis_air_temp_k,6,mean,reanalysis_air_temp_k_rolling_6_mean,520,0.15269994180774019,0.15269994180774019
iq,reanalysis,reanalysis_air_temp_k,7,mean,reanalysis_air_temp_k_rolling_7_mean,520,0.16347625595957146,0.16347625595957146
iq,reanalysis,reanalysis_air_temp_k,8,mean,reanalysis_air_temp_k_rolling_8_mean,520,0.17329452861265082,0.17329452861265082
iq,reanalysis,reanalysis_air_temp_k,9,mean,reanalysis_air_temp_k_rolling_9_mean,520,0.1793553276447022,0.1793553276447022
iq,reanalysis,reanalysis_air_temp_k,10,mean,reanalysis_air_temp_k_rolling_10_mean,520,0.18726269786238814,0.18726269786238814
iq,reanalysis,reanalysis_air_temp_k,11,mean,reanalysis_air_temp_k_rolling_11_mean,520,0.19338975753938376,0.19338975753938376
iq,reanalysis,reanalysis_air_temp_k,12,mean,reanalysis_air_temp_k_rolling_12_mean,520,0.19564543201603513,0.19564543201603513
iq,reanalysis,reanalysis_air_temp_k,13,mean,reanalysis_air_temp_k_rolling_13_mean,520,0.19751727062764216,0.19751727062764216
iq,reanalysis,reanalysis_air_temp_k,14,mean,reanalysis_air_temp_k_rolling_14_mean,520,0.19786936025777102,0.19786936025777102
iq,reanalysis,reanalysis_avg_temp_k,1,mean,reanalysis_avg_temp_k_rolling_1_mean,520,0.07951548718910911,0.07951548718910911
iq,reanalysis,reanalysis_avg_temp_k,2,mean,reanalysis_avg_temp_k_rolling_2_mean,520,0.0906042482373433,0.0906042482373433
iq,reanalysis,reanalysis_avg_temp_k,3,mean,reanalysis_avg_temp_k_rolling_3_mean,520,0.10045260726067474,0.10045260726067474
iq,reanalysis,reanalysis_avg_temp_k,4,mean,reanalysis_avg_temp_k_rolling_4_mean,520,0.11222489095474614,0.11222489095474614
iq,reanalysis,reanalysis_avg_temp_k,5,mean,reanalysis_avg_temp_k_rolling_5_mean,520,0.1199283379649963,0.1199283379649963
iq,reanalysis,reanalysis_avg_temp_k,6,mean,reanalysis_avg_temp_k_rolling_6_mean,520,0.13357917034234434,0.13357917034234434
iq,reanalysis,reanalysis_avg_temp_k,7,mean,reanalysis_avg_temp_k_rolling_7_mean,520,0.14596005697848025,0.14596005697848025
iq,reanalysis,reanalysis_avg_temp_k,8,mean,reanalysis_avg_temp_k_rolling_8_mean,520,0.15678366931842388,0.15678366931842388
iq,reanalysis,reanalysis_avg_temp_k,9,mean,reanalysis_avg_temp_k_rolling_9_mean,520,0.16351106729387008,0.16351106729387008
iq,reanalysis,reanalysis_avg_temp_k,10,mean,reanalysis_avg_temp_k_rolling_10_mean,520,0.17304862026521903,0.17304862026521903
iq,reanalysis,reanalysis_avg_temp_k,11,mean,reanalysis_avg_temp_k_rolling_11_mean,520,0.18218060725861995,0.18218060725861995
iq,reanalysis,reanalysis_avg_temp_k,12,mean,reanalysis_avg_temp_k_rolling_12_mean,520,0.18569543478481804,0.18569543478481804
iq,reanalysis,reanalysis_avg_temp_k,13,mean,reanalysis_avg_temp_k_rolling_13_mean,520,0.18981709047764522,0.18981709047764522
iq,reanalysis,reanalysis_avg_temp_k,14,mean,reanalysis_avg_temp_k_rolling_14_mean,520,0.19255826370252366,0.19255826370252366
iq,reanalysis,reanalysis_dew_point_temp_k,1,mean,reanalysis_dew_point_temp_k_rolling_1_mean,520,0.2291831871266377,0.2291831871266377
iq,reanalysis,reanalysis_dew_point_temp_k,2,mean,reanalysis_dew_point_temp_k_rolling_2_mean,520,0.245799836349318,0.245799836349318
iq,reanalysis,reanalysis_dew_point_temp_k,3,mean,reanalysis_dew_point_temp_k_rolling_3_mean,520,0.25273718394333383,0.25273718394333383
iq,reanalysis,reanalysis_dew_point_temp_k,4,mean,reanalysis_dew_point_temp_k_rolling_4_mean,520,0.2547988668827405,0.2547988668827405
iq,reanalysis,reanalysis_dew_point_temp_k,5,mean,reanalysis_dew_point_temp_k_rolling_5_mean,520,0.24827850740940496,0.24827850740940496
iq,reanalysis,reanalysis_dew_point_temp_k,6,mean,reanalysis_dew_point_temp_k_rolling_6_mean,520,0.2483775551692996,0.2483775551692996
iq,reanalysis,reanalysis_dew_point_temp_k,7,mean,reanalysis_dew_point_temp_k_rolling_7_mean,520,0.24446787555715774,0.24446787555715774
iq,reanalysis,reanalysis_dew_point_temp_k,8,mean,reanalysis_dew_point_temp_k_rolling_8_mean,520,0.24048674791902294,0.24048674791902294
iq,reanalysis,reanalysis_dew_point_temp_k,9,mean,reanalysis_dew_point_temp_k_rolling_9_mean,520,0.23604681611355208,0.23604681611355208
iq,reanalysis,reanalysis_dew_point_temp_k,10,mean,reanalysis_dew_point_temp_k_rolling_10_mean,520,0.23107487388121603,0.23107487388121603
iq,reanalysis,reanalysis_dew_point_temp_k,11,mean,reanalysis_dew_point_temp_k_rolling_11_mean,520,0.22452137991214804,0.22452137991214804
iq,reanalysis,reanalysis_dew_point_temp_k,12,mean,reanalysis_dew_point_temp_k_rolling_12_mean,520,0.2176930887245036,0.2176930887245036
iq,reanalysis,reanalysis_dew_point_temp_k,13,mean,reanalysis_dew_point_temp_k_rolling_13_mean,520,0.21155767568746597,0.21155767568746597
iq,reanalysis,reanalysis_dew_point_temp_k,14,mean,reanalysis_dew_point_temp_k_rolling_14_mean,520,0.20299624486283274,0.20299624486283274
iq,reanalysis,reanalysis_max_air_temp_k,1,mean,reanalysis_max_air_temp_k_rolling_1_mean,520,-0.0541751723626556,0.0541751723626556
iq,reanalysis,reanalysis_max_air_temp_k,2,mean,reanalysis_max_air_temp_k_rolling_2_mean,520,-0.04986898080619941,0.04986898080619941
iq,reanalysis,reanalysis_max_air_temp_k,3,mean,reanalysis_max_air_temp_k_rolling_3_mean,520,-0.047326134064293104,0.047326134064293104
iq,reanalysis,reanalysis_max_air_temp_k,4,mean,reanalysis_max_air_temp_k_rolling_4_mean,520,-0.03594708423411138,0.03594708423411138
iq,reanalysis,reanalysis_max_air_temp_k,5,mean,reanalysis_max_air_temp_k_rolling_5_mean,520,-0.02630898153860906,0.02630898153860906
iq,reanalysis,reanalysis_max_air_temp_k,6,mean,reanalysis_max_air_temp_k_rolling_6_mean,520,-0.006953266809708103,0.006953266809708103
iq,reanalysis,reanalysis_max_air_temp_k,7,mean,reanalysis_max_air_temp_k_rolling_7_mean,520,0.011772008107193112,0.011772008107193112
iq,reanalysis,reanalysis_max_air_temp_k,8,mean,reanalysis_max_air_temp_k_rolling_8_mean,520,0.026143182075759865,0.026143182075759865
iq,reanalysis,reanalysis_max_air_temp_k,9,mean,reanalysis_max_air_temp_k_rolling_9_mean,520,0.037640717933802845,0.037640717933802845
iq,reanalysis,reanalysis_max_air_temp_k,10,mean,reanalysis_max_air_temp_k_rolling_10_mean,520,0.05002393781845899,0.05002393781845899
iq,reanalysis,reanalysis_max_air_temp_k,11,mean,reanalysis_max_air_temp_k_rolling_11_mean,520,0.06633094004334128,0.06633094004334128
iq,reanalysis,reanalysis_max_air_temp_k,12,mean,reanalysis_max_air_temp_k_rolling_12_mean,520,0.07973877079745285,0.07973877079745285
iq,reanalysis,reanalysis_max_air_temp_k,13,mean,reanalysis_max_air_temp_k_rolling_13_mean,520,0.0919094643062659,0.0919094643062659
iq,reanalysis,reanalysis_max_air_temp_k,14,mean,reanalysis_max_air_temp_k_rolling_14_mean,520,0.10079532809867565,0.10079532809867565
iq,reanalysis,reanalysis_min_air_temp_k,1,mean,reanalysis_min_air_temp_k_rolling_1_mean,520,0.21167882246833372,0.21167882246833372
iq,reanalysis,reanalysis_min_air_temp_k,2,mean,reanalysis_min_air_temp_k_rolling_2_mean,520,0.22931600317548387,0.22931600317548387
iq,reanalysis,reanalysis_min_air_temp_k,3,mean,reanalysis_min_air_temp_k_rolling_3_mean,520,0.24546284527733045,0.24546284527733045
iq,reanalysis,reanalysis_min_air_temp_k,4,mean,reanalysis_min_air_temp_k_rolling_4_mean,520,0.25234510645891767,0.25234510645891767
iq,reanalysis,reanalysis_min_air_temp_k,5,mean,reanalysis_min_air_temp_k_rolling_5_mean,520,0.25627124561849374,0.25627124561849374
iq,reanalysis,reanalysis_min_air_temp_k,6,mean,reanalysis_min_air_temp_k_rolling_6_mean,520,0.2616343523579084,0.2616343523579084
iq,reanalysis,reanalysis_min_air_temp_k,7,mean,reanalysis_min_air_temp_k_rolling_7_mean,520,0.26060968894701003,0.26060968894701003
iq,reanalysis,reanalysis_min_air_temp_k,8,mean,reanalysis_min_air_temp_k_rolling_8_mean,520,0.2589914254862054,0.2589914254862054
iq,reanalysis,reanalysis_min_air_temp_k,9,mean,reanalysis_min_air_temp_k_rolling_9_mean,520,0.2580801541881262,0.2580801541881262
iq,reanalysis,reanalysis_min_air_temp_k,10,mean,reanalysis_min_air_temp_k_rolling_10_mean,520,0.2570939772371881,0.2570939772371881
iq,reanalysis,reanalysis_min_air_temp_k,11,mean,reanalysis_min_air_temp_k_rolling_11_mean,520,0.2504307861905779,0.2504307861905779
iq,reanalysis,reanalysis_min_air_temp_k,12,mean,reanalysis_min_air_temp_k_rolling_12_mean,520,0.2411337274918955,0.2411337274918955
iq,reanalysis,reanalysis_min_air_temp_k,13,mean,reanalysis_min_air_temp_k_rolling_13_mean,520,0.23019091953923623,0.23019091953923623
iq,reanalysis,reanalysis_min_air_temp_k,14,mean,reanalysis_min_air_temp_k_rolling_14_mean,520,0.21932032539907356,0.21932032539907356
iq,reanalysis,reanalysis_precip_amt_kg_per_m2,1,mean,reanalysis_precip_amt_kg_per_m2_rolling_1_mean,520,0.10115047601006932,0.10115047601006932
iq,reanalysis,reanalysis_precip_amt_kg_per_m2,2,mean,reanalysis_precip_amt_kg_per_m2_rolling_2_mean,520,0.11399834786054203,0.11399834786054203
iq,reanalysis,reanalysis_precip_amt_kg_per_m2,3,mean,reanalysis_precip_amt_kg_per_m2_rolling_3_mean,520,0.12663641597445752,0.12663641597445752
iq,reanalysis,reanalysis_precip_amt_kg_per_m2,4,mean,reanalysis_precip_amt_kg_per_m2_rolling_4_mean,520,0.1284496432849917,0.1284496432849917
iq,reanalysis,reanalysis_precip_amt_kg_per_m2,5,mean,reanalysis_precip_amt_kg_per_m2_rolling_5_mean,520,0.12630514549086547,0.12630514549086547
iq,reanalysis,reanalysis_precip_amt_kg_per_m2,6,mean,reanalysis_precip_amt_kg_per_m2_rolling_6_mean,520,0.13090767198256098,0.13090767198256098
iq,reanalysis,reanalysis_precip_amt_kg_per_m2,7,mean,reanalysis_precip_amt_kg_per_m2_rolling_7_mean,520,0.1236828892834929,0.1236828892834929
iq,reanalysis,reanalysis_precip_amt_kg_per_m2,8,mean,reanalysis_precip_amt_kg_per_m2_rolling_8_mean,520,0.11893948243539947,0.11893948243539947
iq,reanalysis,reanalysis_precip_amt_kg_per_m2,9,mean,reanalysis_precip_amt_kg_per_m2_rolling_9_mean,520,0.11558466752514812,0.11558466752514812
iq,reanalysis,reanalysis_precip_amt_kg_per_m2,10,mean,reanalysis_precip_amt_kg_per_m2_rolling_10_mean,520,0.11262182651199706,0.11262182651199706
iq,reanalysis,reanalysis_precip_amt_kg_per_m2,11,mean,reanalysis_precip_amt_kg_per_m2_rolling_11_mean,520,0.11002941400539984,0.11002941400539984
iq,reanalysis,reanalysis_precip_amt_kg_per_m2,12,mean,reanalysis_precip_amt_kg_per_m2_rolling_12_mean,520,0.10402968370037828,0.10402968370037828
iq,reanalysis,reanalysis_precip_amt_kg_per_m2,13,mean,reanalysis_precip_amt_kg_per_m2_rolling_13_mean,520,0.09672336675885318,0.09672336675885318
iq,reanalysis,reanalysis_precip_amt_kg_per_m2,14,mean,reanalysis_precip_amt_kg_per_m2_rolling_14_mean,520,0.08882173128529817,0.08882173128529817
iq,reanalysis,reanalysis_relative_humidity_percent,1,mean,reanalysis_relative_humidity_percent_rolling_1_mean,520,0.1294858220711044,0.1294858220711044
iq,reanalysis,reanalysis_relative_humidity_percent,2,mean,reanalysis_relative_humidity_percent_rolling_2_mean,520,0.13829720348062471,0.13829720348062471
iq,reanalysis,reanalysis_relative_humidity_percent,3,mean,reanalysis_relative_humidity_percent_rolling_3_mean,520,0.14211632671314742,0.14211632671314742
iq,reanalysis,reanalysis_relative_humidity_percent,4,mean,reanalysis_relative_humidity_percent_rolling_4_mean,520,0.1388419149318573,0.1388419149318573
iq,reanalysis,reanalysis_relative_humidity_percent,5,mean,reanalysis_relative_humidity_percent_rolling_5_mean,520,0.12690835034232034,0.12690835034232034
iq,reanalysis,reanalysis_relative_humidity_percent,6,mean,reanalysis_relative_humidity_percent_rolling_6_mean,520,0.11918432940119805,0.11918432940119805
iq,reanalysis,reanalysis_relative_humidity_percent,7,mean,reanalysis_relative_humidity_percent_rolling_7_mean,520,0.10880891348801308,0.10880891348801308
iq,reanalysis,reanalysis_relative_humidity_percent,8,mean,reanalysis_relative_humidity_percent_rolling_8_mean,520,0.09904015781033283,0.09904015781033283
iq,reanalysis,reanalysis_relative_humidity_percent,9,mean,reanalysis_relative_humidity_percent_rolling_9_mean,520,0.09128411313042305,0.09128411313042305
iq,reanalysis,reanalysis_relative_humidity_percent,10,mean,reanalysis_relative_humidity_percent_rolling_10_mean,520,0.08128944116225616,0.08128944116225616
iq,reanalysis,reanalysis_relative_humidity_percent,11,mean,reanalysis_relative_humidity_percent_rolling_11_mean,520,0.07109832148258818,0.07109832148258818
iq,reanalysis,reanalysis_relative_humidity_percent,12,mean,reanalysis_relative_humidity_percent_rolling_12_mean,520,0.06338392995691952,0.06338392995691952
iq,reanalysis,reanalysis_relative_humidity_percent,13,mean,reanalysis_relative_humidity_percent_rolling_13_mean,520,0.05644185219074134,0.05644185219074134
iq,reanalysis,reanalysis_relative_humidity_percent,14,mean,reanalysis_relative_humidity_percent_rolling_14_mean,520,0.04816303096122466,0.04816303096122466
iq,reanalysis,reanalysis_sat_precip_amt_mm,1,mean,reanalysis_sat_precip_amt_mm_rolling_1_mean,520,0.09062770970838817,0.09062770970838817
iq,reanalysis,reanalysis_sat_precip_amt_mm,2,mean,reanalysis_sat_precip_amt_mm_rolling_2_mean,520,0.09515571383911056,0.09515571383911056
iq,reanalysis,reanalysis_sat_precip_amt_mm,3,mean,reanalysis_sat_precip_amt_mm_rolling_3_mean,520,0.11708810755579305,0.11708810755579305
iq,reanalysis,reanalysis_sat_precip_amt_mm,4,mean,reanalysis_sat_precip_amt_mm_rolling_4_mean,520,0.14606526470392403,0.14606526470392403
iq,reanalysis,reanalysis_sat_precip_amt_mm,5,mean,reanalysis_sat_precip_amt_mm_rolling_5_mean,520,0.14842048591755785,0.14842048591755785
iq,reanalysis,reanalysis_sat_precip_amt_mm,6,mean,reanalysis_sat_precip_amt_mm_rolling_6_mean,520,0.15794083774757237,0.15794083774757237
iq,reanalysis,reanalysis_sat_precip_amt_mm,7,mean,reanalysis_sat_precip_amt_mm_rolling_7_mean,520,0.16137445854170065,0.16137445854170065
iq,reanalysis,reanalysis_sat_precip_amt_mm,8,mean,reanalysis_sat_precip_amt_mm_rolling_8_mean,520,0.1481228265122331,0.1481228265122331
iq,reanalysis,reanalysis_sat_precip_amt_mm,9,mean,reanalysis_sat_precip_amt_mm_rolling_9_mean,520,0.13501354219973066,0.13501354219973066
iq,reanalysis,reanalysis_sat_precip_amt_mm,10,mean,reanalysis_sat_precip_amt_mm_rolling_10_mean,520,0.12327931868273405,0.12327931868273405
iq,reanalysis,reanalysis_sat_precip_amt_mm,11,mean,reanalysis_sat_precip_amt_mm_rolling_11_mean,520,0.10925059739301186,0.10925059739301186
iq,reanalysis,reanalysis_sat_precip_amt_mm,12,mean,reanalysis_sat_precip_amt_mm_rolling_12_mean,520,0.0945649978769526,0.0945649978769526
iq,reanalysis,reanalysis_sat_precip_amt_mm,13,mean,reanalysis_sat_precip_amt_mm_rolling_13_mean,520,0.07668587205278755,0.07668587205278755
iq,reanalysis,reanalysis_sat_precip_amt_mm,14,mean,reanalysis_sat_precip_amt_mm_rolling_14_mean,520,0.060891318211647665,0.060891318211647665
iq,reanalysis,reanalysis_specific_humidity_g_per_kg,1,mean,reanalysis_specific_humidity_g_per_kg_rolling_1_mean,520,0.2352176889087021,0.2352176889087021
iq,reanalysis,reanalysis_specific_humidity_g_per_kg,2,mean,reanalysis_specific_humidity_g_per_kg_rolling_2_mean,520,0.2503596211952918,0.2503596211952918
iq,reanalysis,reanalysis_specific_humidity_g_per_kg,3,mean,reanalysis_specific_humidity_g_per_kg_rolling_3_mean,520,0.25675301485665286,0.25675301485665286
iq,reanalysis,reanalysis_specific_humidity_g_per_kg,4,mean,reanalysis_specific_humidity_g_per_kg_rolling_4_mean,520,0.2585068973007409,0.2585068973007409
iq,reanalysis,reanalysis_specific_humidity_g_per_kg,5,mean,reanalysis_specific_humidity_g_per_kg_rolling_5_mean,520,0.25158678651138466,0.25158678651138466
iq,reanalysis,reanalysis_specific_humidity_g_per_kg,6,mean,reanalysis_specific_humidity_g_per_kg_rolling_6_mean,520,0.25162591992022654,0.25162591992022654
iq,reanalysis,reanalysis_specific_humidity_g_per_kg,7,mean,reanalysis_specific_humidity_g_per_kg_rolling_7_mean,520,0.24781681260260272,0.24781681260260272
iq,reanalysis,reanalysis_specific_humidity_g_per_kg,8,mean,reanalysis_specific_humidity_g_per_kg_rolling_8_mean,520,0.24388381470778278,0.24388381470778278
iq,reanalysis,reanalysis_specific_humidity_g_per_kg,9,mean,reanalysis_specific_humidity_g_per_kg_rolling_9_mean,520,0.2394237489284645,0.2394237489284645
iq,reanalysis,reanalysis_specific_humidity_g_per_kg,10,mean,reanalysis_specific_humidity_g_per_kg_rolling_10_mean,520,0.23463291291873828,0.23463291291873828
iq,reanalysis,reanalysis_specific_humidity_g_per_kg,11,mean,reanalysis_specific_humidity_g_per_kg_rolling_11_mean,520,0.22827237042041873,0.22827237042041873
iq,reanalysis,reanalysis_specific_humidity_g_per_kg,12,mean,reanalysis_specific_humidity_g_per_kg_rolling_12_mean,520,0.22149940233904863,0.22149940233904863
iq,reanalysis,reanalysis_specific_humidity_g_per_kg,13,mean,reanalysis_specific_humidity_g_per_kg_rolling_13_mean,520,0.2153880639072868,0.2153880639072868
iq,reanalysis,reanalysis_specific_humidity_g_per_kg,14,mean,reanalysis_specific_humidity_g_per_kg_rolling_14_mean,520,0.20668492613063438,0.20668492613063438
iq,reanalysis,reanalysis_tdtr_k,1,mean,reanalysis_tdtr_k_rolling_1_mean,520,-0.13219088266181492,0.13219088266181492
iq,reanalysis,reanalysis_tdtr_k,2,mean,reanalysis_tdtr_k_rolling_2_mean,520,-0.13303309476001007,0.13303309476001007
iq,reanalysis,reanalysis_tdtr_k,3,mean,reanalysis_tdtr_k_rolling_3_mean,520,-0.13562678326414912,0.13562678326414912
iq,reanalysis,reanalysis_tdtr_k,4,mean,reanalysis_tdtr_k_rolling_4_mean,520,-0.1311069558732911,0.1311069558732911
iq,reanalysis,reanalysis_tdtr_k,5,mean,reanalysis_tdtr_k_rolling_5_mean,520,-0.12367289531433925,0.12367289531433925
iq,reanalysis,reanalysis_tdtr_k,6,mean,reanalysis_tdtr_k_rolling_6_mean,520,-0.11145738568222822,0.11145738568222822
iq,reanalysis,reanalysis_tdtr_k,7,mean,reanalysis_tdtr_k_rolling_7_mean,520,-0.09305195929905676,0.09305195929905676
iq,reanalysis,reanalysis_tdtr_k,8,mean,reanalysis_tdtr_k_rolling_8_mean,520,-0.0778044279263201,0.0778044279263201
iq,reanalysis,reanalysis_tdtr_k,9,mean,reanalysis_tdtr_k_rolling_9_mean,520,-0.06811411220218158,0.06811411220218158
iq,reanalysis,reanalysis_tdtr_k,10,mean,reanalysis_tdtr_k_rolling_10_mean,520,-0.05638041489168306,0.05638041489168306
iq,reanalysis,reanalysis_tdtr_k,11,mean,reanalysis_tdtr_k_rolling_11_mean,520,-0.040157064457490815,0.040157064457490815
iq,reanalysis,reanalysis_tdtr_k,12,mean,reanalysis_tdtr_k_rolling_12_mean,520,-0.027135470073043694,0.027135470073043694
iq,reanalysis,reanalysis_tdtr_k,13,mean,reanalysis_tdtr_k_rolling_13_mean,520,-0.015069897599077195,0.015069897599077195
iq,reanalysis,reanalysis_tdtr_k,14,mean,reanalysis_tdtr_k_rolling_14_mean,520,-0.0032340917052180993,0.0032340917052180993
iq,station,station_avg_temp_c,1,mean,station_avg_temp_c_rolling_1_mean,520,0.13398878511168885,0.13398878511168885
iq,station,station_avg_temp_c,2,mean,station_avg_temp_c_rolling_2_mean,520,0.1647649713226454,0.1647649713226454
iq,station,station_avg_temp_c,3,mean,station_avg_temp_c_rolling_3_mean,520,0.17998482005056332,0.17998482005056332
iq,station,station_avg_temp_c,4,mean,station_avg_temp_c_rolling_4_mean,520,0.1915742178947528,0.1915742178947528
iq,station,station_avg_temp_c,5,mean,station_avg_temp_c_rolling_5_mean,520,0.20744956536655648,0.20744956536655648
iq,station,station_avg_temp_c,6,mean,station_avg_temp_c_rolling_6_mean,520,0.21896819178135582,0.21896819178135582
iq,station,station_avg_temp_c,7,mean,station_avg_temp_c_rolling_7_mean,520,0.22185771671247276,0.22185771671247276
iq,station,station_avg_temp_c,8,mean,station_avg_temp_c_rolling_8_mean,520,0.22492433321728827,0.22492433321728827
iq,station,station_avg_temp_c,9,mean,station_avg_temp_c_rolling_9_mean,520,0.22341806009018658,0.22341806009018658
iq,station,station_avg_temp_c,10,mean,station_avg_temp_c_rolling_10_mean,520,0.2251520121433191,0.2251520121433191
iq,station,station_avg_temp_c,11,mean,station_avg_temp_c_rolling_11_mean,520,0.22505131713889343,0.22505131713889343
iq,station,station_avg_temp_c,12,mean,station_avg_temp_c_rolling_12_mean,520,0.22095319258365295,0.22095319258365295
iq,station,station_avg_temp_c,13,mean,station_avg_temp_c_rolling_13_mean,520,0.21528080646497852,0.21528080646497852
iq,station,station_avg_temp_c,14,mean,station_avg_temp_c_rolling_14_mean,520,0.20631186851989922,0.20631186851989922
iq,station,station_diur_temp_rng_c,1,mean,station_diur_temp_rng_c_rolling_1_mean,520,-0.036134198204686795,0.036134198204686795
iq,station,station_diur_temp_rng_c,2,mean,station_diur_temp_rng_c_rolling_2_mean,520,-0.027536311432442902,0.027536311432442902
iq,station,station_diur_temp_rng_c,3,mean,station_diur_temp_rng_c_rolling_3_mean,520,-0.0366491364748954,0.0366491364748954
iq,station,station_diur_temp_rng_c,4,mean,station_diur_temp_rng_c_rolling_4_mean,520,-0.029671581550373836,0.029671581550373836
iq,station,station_diur_temp_rng_c,5,mean,station_diur_temp_rng_c_rolling_5_mean,520,-0.015000545895775938,0.015000545895775938
iq,station,station_diur_temp_rng_c,6,mean,station_diur_temp_rng_c_rolling_6_mean,520,0.0008424326779831236,0.0008424326779831236
iq,station,station_diur_temp_rng_c,7,mean,station_diur_temp_rng_c_rolling_7_mean,520,0.011238784375016318,0.011238784375016318
iq,station,station_diur_temp_rng_c,8,mean,station_diur_temp_rng_c_rolling_8_mean,520,0.021811157362300732,0.021811157362300732
iq,station,station_diur_temp_rng_c,9,mean,station_diur_temp_rng_c_rolling_9_mean,520,0.03309195805383447,0.03309195805383447
iq,station,station_diur_temp_rng_c,10,mean,station_diur_temp_rng_c_rolling_10_mean,520,0.046436054378878655,0.046436054378878655
iq,station,station_diur_temp_rng_c,11,mean,station_diur_temp_rng_c_rolling_11_mean,520,0.0596075240260388,0.0596075240260388
iq,station,station_diur_temp_rng_c,12,mean,station_diur_temp_rng_c_rolling_12_mean,520,0.06675814821882348,0.06675814821882348
iq,station,station_diur_temp_rng_c,13,mean,station_diur_temp_rng_c_rolling_13_mean,520,0.06606250086731427,0.06606250086731427
iq,station,station_diur_temp_rng_c,14,mean,station_diur_temp_rng_c_rolling_14_mean,520,0.06004029364797627,0.06004029364797627
iq,station,station_max_temp_c,1,mean,station_max_temp_c_rolling_1_mean,520,0.07666467136361997,0.07666467136361997
iq,station,station_max_temp_c,2,mean,station_max_temp_c_rolling_2_mean,520,0.0957499155715437,0.0957499155715437
iq,station,station_max_temp_c,3,mean,station_max_temp_c_rolling_3_mean,520,0.10760789601062566,0.10760789601062566
iq,station,station_max_temp_c,4,mean,station_max_temp_c_rolling_4_mean,520,0.13059077912974876,0.13059077912974876
iq,station,station_max_temp_c,5,mean,station_max_temp_c_rolling_5_mean,520,0.14384990751568083,0.14384990751568083
iq,station,station_max_temp_c,6,mean,station_max_temp_c_rolling_6_mean,520,0.15733365948796335,0.15733365948796335
iq,station,station_max_temp_c,7,mean,station_max_temp_c_rolling_7_mean,520,0.17272660428261657,0.17272660428261657
iq,station,station_max_temp_c,8,mean,station_max_temp_c_rolling_8_mean,520,0.18143911335814233,0.18143911335814233
iq,station,station_max_temp_c,9,mean,station_max_temp_c_rolling_9_mean,520,0.18348624663977692,0.18348624663977692
iq,station,station_max_temp_c,10,mean,station_max_temp_c_rolling_10_mean,520,0.18566594892685118,0.18566594892685118
iq,station,station_max_temp_c,11,mean,station_max_temp_c_rolling_11_mean,520,0.1876290154494749,0.1876290154494749
iq,station,station_max_temp_c,12,mean,station_max_temp_c_rolling_12_mean,520,0.18412473368370244,0.18412473368370244
iq,station,station_max_temp_c,13,mean,station_max_temp_c_rolling_13_mean,520,0.17806019195533718,0.17806019195533718
iq,station,station_max_temp_c,14,mean,station_max_temp_c_rolling_14_mean,520,0.1677258097711167,0.1677258097711167
iq,station,station_min_temp_c,1,mean,station_min_temp_c_rolling_1_mean,520,0.20681680955730247,0.20681680955730247
iq,station,station_min_temp_c,2,mean,station_min_temp_c_rolling_2_mean,520,0.24134954871213263,0.24134954871213263
iq,station,station_min_temp_c,3,mean,station_min_temp_c_rolling_3_mean,520,0.25380422364795197,0.25380422364795197
iq,station,station_min_temp_c,4,mean,station_min_temp_c_rolling_4_mean,520,0.2575030662204318,0.2575030662204318
iq,station,station_min_temp_c,5,mean,station_min_temp_c_rolling_5_mean,520,0.2536902014814202,0.2536902014814202
iq,station,station_min_temp_c,6,mean,station_min_temp_c_rolling_6_mean,520,0.2478293222510233,0.2478293222510233
iq,station,station_min_temp_c,7,mean,station_min_temp_c_rolling_7_mean,520,0.24162589515807162,0.24162589515807162
iq,station,station_min_temp_c,8,mean,station_min_temp_c_rolling_8_mean,520,0.2301878819895745,0.2301878819895745
iq,station,station_min_temp_c,9,mean,station_min_temp_c_rolling_9_mean,520,0.21521908423101122,0.21521908423101122
iq,station,station_min_temp_c,10,mean,station_min_temp_c_rolling_10_mean,520,0.2048127381265045,0.2048127381265045
iq,station,station_min_temp_c,11,mean,station_min_temp_c_rolling_11_mean,520,0.18804555270218845,0.18804555270218845
iq,station,station_min_temp_c,12,mean,station_min_temp_c_rolling_12_mean,520,0.1716013895876003,0.1716013895876003
iq,station,station_min_temp_c,13,mean,station_min_temp_c_rolling_13_mean,520,0.1614358049456271,0.1614358049456271
iq,station,station_min_temp_c,14,mean,station_min_temp_c_rolling_14_mean,520,0.153999045575792,0.153999045575792
iq,station,station_precip_mm,1,mean,station_precip_mm_rolling_1_mean,520,0.04456833676316207,0.04456833676316207
iq,station,station_precip_mm,2,mean,station_precip_mm_rolling_2_mean,520,0.06711707650580435,0.06711707650580435
iq,station,station_precip_mm,3,mean,station_precip_mm_rolling_3_mean,520,0.09248962135651644,0.09248962135651644
iq,station,station_precip_mm,4,mean,station_precip_mm_rolling_4_mean,520,0.1298044164667664,0.1298044164667664
iq,station,station_precip_mm,5,mean,station_precip_mm_rolling_5_mean,520,0.1441910710183521,0.1441910710183521
iq,station,station_precip_mm,6,mean,station_precip_mm_rolling_6_mean,520,0.15678054874693392,0.15678054874693392
iq,station,station_precip_mm,7,mean,station_precip_mm_rolling_7_mean,520,0.15005727649848694,0.15005727649848694
iq,station,station_precip_mm,8,mean,station_precip_mm_rolling_8_mean,520,0.1410100702686798,0.1410100702686798
iq,station,station_precip_mm,9,mean,station_precip_mm_rolling_9_mean,520,0.13645948268820443,0.13645948268820443
iq,station,station_precip_mm,10,mean,station_precip_mm_rolling_10_mean,520,0.12185576482184213,0.12185576482184213
iq,station,station_precip_mm,11,mean,station_precip_mm_rolling_11_mean,520,0.1083370722792932,0.1083370722792932
iq,station,station_precip_mm,12,mean,station_precip_mm_rolling_12_mean,520,0.09545879346939441,0.09545879346939441
iq,station,station_precip_mm,13,mean,station_precip_mm_rolling_13_mean,520,0.0870035278574319,0.0870035278574319
iq,station,station_precip_mm,14,mean,station_precip_mm_rolling_14_mean,520,0.08368521446111836,0.08368521446111836
sj,ndvi,ndvi_ne,1,mean,ndvi_ne_rolling_1_mean,936,0.0859184480966163,0.0859184480966163
sj,ndvi,ndvi_ne,2,mean,ndvi_ne_rolling_2_mean,936,0.09673332579112578,0.09673332579112578
sj,ndvi,ndvi_ne,3,mean,ndvi_ne_rolling_3_mean,936,0.10134394071851069,0.10134394071851069
sj,ndvi,ndvi_ne,4,mean,ndvi_ne_rolling_4_mean,936,0.10213813663472585,0.10213813663472585
sj,ndvi,ndvi_ne,5,mean,ndvi_ne_rolling_5_mean,936,0.10249349145695369,0.10249349145695369
sj,ndvi,ndvi_ne,6,mean,ndvi_ne_rolling_6_mean,936,0.10156238408294939,0.10156238408294939
sj,ndvi,ndvi_ne,7,mean,ndvi_ne_rolling_7_mean,936,0.09911983507347066,0.09911983507347066
sj,ndvi,ndvi_ne,8,mean,ndvi_ne_rolling_8_mean,936,0.09799206767661485,0.09799206767661485
sj,ndvi,ndvi_ne,9,mean,ndvi_ne_rolling_9_mean,936,0.09828097050264042,0.09828097050264042
sj,ndvi,ndvi_ne,10,mean,ndvi_ne_rolling_10_mean,936,0.0982149767553075,0.0982149767553075
sj,ndvi,ndvi_ne,11,mean,ndvi_ne_rolling_11_mean,936,0.09806292222378908,0.09806292222378908
sj,ndvi,ndvi_ne,12,mean,ndvi_ne_rolling_12_mean,936,0.09799210899690101,0.09799210899690101
sj,ndvi,ndvi_ne,13,mean,ndvi_ne_rolling_13_mean,936,0.09734639225403517,0.09734639225403517
sj,ndvi,ndvi_ne,14,mean,ndvi_ne_rolling_14_mean,936,0.09738302909708435,0.09738302909708435
sj,ndvi,ndvi_nw,1,mean,ndvi_nw_rolling_1_mean,936,0.047402660602263495,0.047402660602263495
sj,ndvi,ndvi_nw,2,mean,ndvi_nw_rolling_2_mean,936,0.05671132305467309,0.05671132305467309
sj,ndvi,ndvi_nw,3,mean,ndvi_nw_rolling_3_mean,936,0.06015993802913571,0.06015993802913571
sj,ndvi,ndvi_nw,4,mean,ndvi_nw_rolling_4_mean,936,0.06364922613336585,0.06364922613336585
sj,ndvi,ndvi_nw,5,mean,ndvi_nw_rolling_5_mean,936,0.06676267015166484,0.06676267015166484
sj,ndvi,ndvi_nw,6,mean,ndvi_nw_rolling_6_mean,936,0.0703179329587122,0.0703179329587122
sj,ndvi,ndvi_nw,7,mean,ndvi_nw_rolling_7_mean,936,0.07396560971662047,0.07396560971662047
sj,ndvi,ndvi_nw,8,mean,ndvi_nw_rolling_8_mean,936,0.07774936536715829,0.07774936536715829
sj,ndvi,ndvi_nw,9,mean,ndvi_nw_rolling_9_mean,936,0.08251669568768047,0.08251669568768047
sj,ndvi,ndvi_nw,10,mean,ndvi_nw_rolling_10_mean,936,0.0880063674879921,0.0880063674879921
sj,ndvi,ndvi_nw,11,mean,ndvi_nw_rolling_11_mean,936,0.0937735810327178,0.0937735810327178
sj,ndvi,ndvi_nw,12,mean,ndvi_nw_rolling_12_mean,936,0.09893106890742541,0.09893106890742541
sj,ndvi,ndvi_nw,13,mean,ndvi_nw_rolling_13_mean,936,0.1029675227302251,0.1029675227302251
sj,ndvi,ndvi_nw,14,mean,ndvi_nw_rolling_14_mean,936,0.10604560434357375,0.10604560434357375
sj,ndvi,ndvi_se,1,mean,ndvi_se_rolling_1_mean,936,-0.04367987346192496,0.04367987346192496
sj,ndvi,ndvi_se,2,mean,ndvi_se_rolling_2_mean,936,-0.0610722997326972,0.0610722997326972
sj,ndvi,ndvi_se,3,mean,ndvi_se_rolling_3_mean,936,-0.0799652328166508,0.0799652328166508
sj,ndvi,ndvi_se,4,mean,ndvi_se_rolling_4_mean,936,-0.09484272800164714,0.09484272800164714
sj,ndvi,ndvi_se,5,mean,ndvi_se_rolling_5_mean,936,-0.10442766270420277,0.10442766270420277
sj,ndvi,ndvi_se,6,mean,ndvi_se_rolling_6_mean,936,-0.11121606093760561,0.11121606093760561
sj,ndvi,ndvi_se,7,mean,ndvi_se_rolling_7_mean,936,-0.11728188492318932,0.11728188492318932
sj,ndvi,ndvi_se,8,mean,ndvi_se_rolling_8_mean,936,-0.12519229325123427,0.12519229325123427
sj,ndvi,ndvi_se,9,mean,ndvi_se_rolling_9_mean,936,-0.13092422452968663,0.13092422452968663
sj,ndvi,ndvi_se,10,mean,ndvi_se_rolling_10_mean,936,-0.1353798005604359,0.1353798005604359
sj,ndvi,ndvi_se,11,mean,ndvi_se_rolling_11_mean,936,-0.14010983047790287,0.14010983047790287
sj,ndvi,ndvi_se,12,mean,ndvi_se_rolling_12_mean,936,-0.1451819196615665,0.1451819196615665
sj,ndvi,ndvi_se,13,mean,ndvi_se_rolling_13_mean,936,-0.15218327022398598,0.15218327022398598
sj,ndvi,ndvi_se,14,mean,ndvi_se_rolling_14_mean,936,-0.15889249786127987,0.15889249786127987
sj,ndvi,ndvi_sw,1,mean,ndvi_sw_rolling_1_mean,936,0.04267036640518986,0.04267036640518986
sj,ndvi,ndvi_sw,2,mean,ndvi_sw_rolling_2_mean,936,0.05948126821494103,0.05948126821494103
sj,ndvi,ndvi_sw,3,mean,ndvi_sw_rolling_3_mean,936,0.06254705006930136,0.06254705006930136
sj,ndvi,ndvi_sw,4,mean,ndvi_sw_rolling_4_mean,936,0.06302890770411894,0.06302890770411894
sj,ndvi,ndvi_sw,5,mean,ndvi_sw_rolling_5_mean,936,0.06524023415840126,0.06524023415840126
sj,ndvi,ndvi_sw,6,mean,ndvi_sw_rolling_6_mean,936,0.0669848917070901,0.0669848917070901
sj,ndvi,ndvi_sw,7,mean,ndvi_sw_rolling_7_mean,936,0.06982341372009027,0.06982341372009027
sj,ndvi,ndvi_sw,8,mean,ndvi_sw_rolling_8_mean,936,0.06952298788411085,0.06952298788411085
sj,ndvi,ndvi_sw,9,mean,ndvi_sw_rolling_9_mean,936,0.06893289318571598,0.06893289318571598
sj,ndvi,ndvi_sw,10,mean,ndvi_sw_rolling_10_mean,936,0.06728738749951882,0.06728738749951882
sj,ndvi,ndvi_sw,11,mean,ndvi_sw_rolling_11_mean,936,0.06363279111631927,0.06363279111631927
sj,ndvi,ndvi_sw,12,mean,ndvi_sw_rolling_12_mean,936,0.05830693911979666,0.05830693911979666
sj,ndvi,ndvi_sw,13,mean,ndvi_sw_rolling_13_mean,936,0.049826827727435984,0.049826827727435984
sj,ndvi,ndvi_sw,14,mean,ndvi_sw_rolling_14_mean,936,0.039612560871508405,0.039612560871508405
sj,precipitation,precipitation_amt_mm,1,mean,precipitation_amt_mm_rolling_1_mean,936,0.06029554049239995,0.06029554049239995
sj,precipitation,precipitation_amt_mm,2,mean,precipitation_amt_mm_rolling_2_mean,936,0.09036206421448607,0.09036206421448607
sj,precipitation,precipitation_amt_mm,3,mean,precipitation_amt_mm_rolling_3_mean,936,0.11481301629106494,0.11481301629106494
sj,precipitation,precipitation_amt_mm,4,mean,precipitation_amt_mm_rolling_4_mean,936,0.12844440264729962,0.12844440264729962
sj,precipitation,precipitation_amt_mm,5,mean,precipitation_amt_mm_rolling_5_mean,936,0.1372549517840077,0.1372549517840077
sj,precipitation,precipitation_amt_mm,6,mean,precipitation_amt_mm_rolling_6_mean,936,0.1439902283641902,0.1439902283641902
sj,precipitation,precipitation_amt_mm,7,mean,precipitation_amt_mm_rolling_7_mean,936,0.15081599610365867,0.15081599610365867
sj,precipitation,precipitation_amt_mm,8,mean,precipitation_amt_mm_rolling_8_mean,936,0.15500653714501617,0.15500653714501617
sj,precipitation,precipitation_amt_mm,9,mean,precipitation_amt_mm_rolling_9_mean,936,0.1589728187321423,0.1589728187321423
sj,precipitation,precipitation_amt_mm,10,mean,precipitation_amt_mm_rolling_10_mean,936,0.1621102796388172,0.1621102796388172
sj,precipitation,precipitation_amt_mm,11,mean,precipitation_amt_mm_rolling_11_mean,936,0.16382030078859774,0.16382030078859774
sj,precipitation,precipitation_amt_mm,12,mean,precipitation_amt_mm_rolling_12_mean,936,0.16513076297581664,0.16513076297581664
sj,precipitation,precipitation_amt_mm,13,mean,precipitation_amt_mm_rolling_13_mean,936,0.1655710371089516,0.1655710371089516
sj,precipitation,precipitation_amt_mm,14,mean,precipitation_amt_mm_rolling_14_mean,936,0.1642883773222899,0.1642883773222899
sj,reanalysis,reanalysis_air_temp_k,1,mean,reanalysis_air_temp_k_rolling_1_mean,936,0.18031064573637723,0.18031064573637723
sj,reanalysis,reanalysis_air_temp_k,2,mean,reanalysis_air_temp_k_rolling_2_mean,936,0.19662626092437652,0.19662626092437652
sj,reanalysis,reanalysis_air_temp_k,3,mean,reanalysis_air_temp_k_rolling_3_mean,936,0.21076706380490448,0.21076706380490448
sj,reanalysis,reanalysis_air_temp_k,4,mean,reanalysis_air_temp_k_rolling_4_mean,936,0.22491636831128786,0.22491636831128786
sj,reanalysis,reanalysis_air_temp_k,5,mean,reanalysis_air_temp_k_rolling_5_mean,936,0.23857577062512308,0.23857577062512308
sj,reanalysis,reanalysis_air_temp_k,6,mean,reanalysis_air_temp_k_rolling_6_mean,936,0.2513278977733718,0.2513278977733718
sj,reanalysis,reanalysis_air_temp_k,7,mean,reanalysis_air_temp_k_rolling_7_mean,936,0.26274013481369674,0.26274013481369674
sj,reanalysis,reanalysis_air_temp_k,8,mean,reanalysis_air_temp_k_rolling_8_mean,936,0.2731012850581541,0.2731012850581541
sj,reanalysis,reanalysis_air_temp_k,9,mean,reanalysis_air_temp_k_rolling_9_mean,936,0.2824142240418921,0.2824142240418921
sj,reanalysis,reanalysis_air_temp_k,10,mean,reanalysis_air_temp_k_rolling_10_mean,936,0.2902015907064923,0.2902015907064923
sj,reanalysis,reanalysis_air_temp_k,11,mean,reanalysis_air_temp_k_rolling_11_mean,936,0.2967511949213454,0.2967511949213454
sj,reanalysis,reanalysis_air_temp_k,12,mean,reanalysis_air_temp_k_rolling_12_mean,936,0.3021009250710474,0.3021009250710474
sj,reanalysis,reanalysis_air_temp_k,13,mean,reanalysis_air_temp_k_rolling_13_mean,936,0.3063859810175747,0.3063859810175747
sj,reanalysis,reanalysis_air_temp_k,14,mean,reanalysis_air_temp_k_rolling_14_mean,936,0.3090162049046079,0.3090162049046079
sj,reanalysis,reanalysis_avg_temp_k,1,mean,reanalysis_avg_temp_k_rolling_1_mean,936,0.1736703346763381,0.1736703346763381
sj,reanalysis,reanalysis_avg_temp_k,2,mean,reanalysis_avg_temp_k_rolling_2_mean,936,0.1903561311787136,0.1903561311787136
sj,reanalysis,reanalysis_avg_temp_k,3,mean,reanalysis_avg_temp_k_rolling_3_mean,936,0.20456776617471586,0.20456776617471586
sj,reanalysis,reanalysis_avg_temp_k,4,mean,reanalysis_avg_temp_k_rolling_4_mean,936,0.21913919458390363,0.21913919458390363
sj,reanalysis,reanalysis_avg_temp_k,5,mean,reanalysis_avg_temp_k_rolling_5_mean,936,0.2330985359440301,0.2330985359440301
sj,reanalysis,reanalysis_avg_temp_k,6,mean,reanalysis_avg_temp_k_rolling_6_mean,936,0.24613832932478183,0.24613832932478183
sj,reanalysis,reanalysis_avg_temp_k,7,mean,reanalysis_avg_temp_k_rolling_7_mean,936,0.2578888548770394,0.2578888548770394
sj,reanalysis,reanalysis_avg_temp_k,8,mean,reanalysis_avg_temp_k_rolling_8_mean,936,0.268635754413695,0.268635754413695
sj,reanalysis,reanalysis_avg_temp_k,9,mean,reanalysis_avg_temp_k_rolling_9_mean,936,0.27838064220455294,0.27838064220455294
sj,reanalysis,reanalysis_avg_temp_k,10,mean,reanalysis_avg_temp_k_rolling_10_mean,936,0.28660339954016895,0.28660339954016895
sj,reanalysis,reanalysis_avg_temp_k,11,mean,reanalysis_avg_temp_k_rolling_11_mean,936,0.2935608526396355,0.2935608526396355
sj,reanalysis,reanalysis_avg_temp_k,12,mean,reanalysis_avg_temp_k_rolling_12_mean,936,0.2992929425998287,0.2992929425998287
sj,reanalysis,reanalysis_avg_temp_k,13,mean,reanalysis_avg_temp_k_rolling_13_mean,936,0.30401603856362147,0.30401603856362147
sj,reanalysis,reanalysis_avg_temp_k,14,mean,reanalysis_avg_temp_k_rolling_14_mean,936,0.3070230247530729,0.3070230247530729
sj,reanalysis,reanalysis_dew_point_temp_k,1,mean,reanalysis_dew_point_temp_k_rolling_1_mean,936,0.20280684863274848,0.20280684863274848
sj,reanalysis,reanalysis_dew_point_temp_k,2,mean,reanalysis_dew_point_temp_k_rolling_2_mean,936,0.22085245702621206,0.22085245702621206
sj,reanalysis,reanalysis_dew_point_temp_k,3,mean,reanalysis_dew_point_temp_k_rolling_3_mean,936,0.23659806962854427,0.23659806962854427
sj,reanalysis,reanalysis_dew_point_temp_k,4,mean,reanalysis_dew_point_temp_k_rolling_4_mean,936,0.2509210369944009,0.2509210369944009
sj,reanalysis,reanalysis_dew_point_temp_k,5,mean,reanalysis_dew_point_temp_k_rolling_5_mean,936,0.2636292362331678,0.2636292362331678
sj,reanalysis,reanalysis_dew_point_temp_k,6,mean,reanalysis_dew_point_temp_k_rolling_6_mean,936,0.27503024299004075,0.27503024299004075
sj,reanalysis,reanalysis_dew_point_temp_k,7,mean,reanalysis_dew_point_temp_k_rolling_7_mean,936,0.28526923616648014,0.28526923616648014
sj,reanalysis,reanalysis_dew_point_temp_k,8,mean,reanalysis_dew_point_temp_k_rolling_8_mean,936,0.2945506175977352,0.2945506175977352
sj,reanalysis,reanalysis_dew_point_temp_k,9,mean,reanalysis_dew_point_temp_k_rolling_9_mean,936,0.3035426726447333,0.3035426726447333
sj,reanalysis,reanalysis_dew_point_temp_k,10,mean,reanalysis_dew_point_temp_k_rolling_10_mean,936,0.31152899392292704,0.31152899392292704
sj,reanalysis,reanalysis_dew_point_temp_k,11,mean,reanalysis_dew_point_temp_k_rolling_11_mean,936,0.3182885965822015,0.3182885965822015
sj,reanalysis,reanalysis_dew_point_temp_k,12,mean,reanalysis_dew_point_temp_k_rolling_12_mean,936,0.3238089667923314,0.3238089667923314
sj,reanalysis,reanalysis_dew_point_temp_k,13,mean,reanalysis_dew_point_temp_k_rolling_13_mean,936,0.3282831042107138,0.3282831042107138
sj,reanalysis,reanalysis_dew_point_temp_k,14,mean,reanalysis_dew_point_temp_k_rolling_14_mean,936,0.3317020633173035,0.3317020633173035
sj,reanalysis,reanalysis_max_air_temp_k,1,mean,reanalysis_max_air_temp_k_rolling_1_mean,936,0.19323258403691576,0.19323258403691576
sj,reanalysis,reanalysis_max_air_temp_k,2,mean,reanalysis_max_air_temp_k_rolling_2_mean,936,0.21093671346662016,0.21093671346662016
sj,reanalysis,reanalysis_max_air_temp_k,3,mean,reanalysis_max_air_temp_k_rolling_3_mean,936,0.22457418782607422,0.22457418782607422
sj,reanalysis,reanalysis_max_air_temp_k,4,mean,reanalysis_max_air_temp_k_rolling_4_mean,936,0.2386232595100467,0.2386232595100467
sj,reanalysis,reanalysis_max_air_temp_k,5,mean,reanalysis_max_air_temp_k_rolling_5_mean,936,0.25156513900203675,0.25156513900203675
sj,reanalysis,reanalysis_max_air_temp_k,6,mean,reanalysis_max_air_temp_k_rolling_6_mean,936,0.264041827532531,0.264041827532531
sj,reanalysis,reanalysis_max_air_temp_k,7,mean,reanalysis_max_air_temp_k_rolling_7_mean,936,0.2755283069583092,0.2755283069583092
sj,reanalysis,reanalysis_max_air_temp_k,8,mean,reanalysis_max_air_temp_k_rolling_8_mean,936,0.28594945097465946,0.28594945097465946
sj,reanalysis,reanalysis_max_air_temp_k,9,mean,reanalysis_max_air_temp_k_rolling_9_mean,936,0.29499501947553897,0.29499501947553897
sj,reanalysis,reanalysis_max_air_temp_k,10,mean,reanalysis_max_air_temp_k_rolling_10_mean,936,0.30222987627434983,0.30222987627434983
sj,reanalysis,reanalysis_max_air_temp_k,11,mean,reanalysis_max_air_temp_k_rolling_11_mean,936,0.3089400556803671,0.3089400556803671
sj,reanalysis,reanalysis_max_air_temp_k,12,mean,reanalysis_max_air_temp_k_rolling_12_mean,936,0.31467703718051365,0.31467703718051365
sj,reanalysis,reanalysis_max_air_temp_k,13,mean,reanalysis_max_air_temp_k_rolling_13_mean,936,0.3196470301175925,0.3196470301175925
sj,reanalysis,reanalysis_max_air_temp_k,14,mean,reanalysis_max_air_temp_k_rolling_14_mean,936,0.32295907131652524,0.32295907131652524
sj,reanalysis,reanalysis_min_air_temp_k,1,mean,reanalysis_min_air_temp_k_rolling_1_mean,936,0.18653857823918296,0.18653857823918296
sj,reanalysis,reanalysis_min_air_temp_k,2,mean,reanalysis_min_air_temp_k_rolling_2_mean,936,0.20755512144584923,0.20755512144584923
sj,reanalysis,reanalysis_min_air_temp_k,3,mean,reanalysis_min_air_temp_k_rolling_3_mean,936,0.2246587377880792,0.2246587377880792
sj,reanalysis,reanalysis_min_air_temp_k,4,mean,reanalysis_min_air_temp_k_rolling_4_mean,936,0.2400458739546944,0.2400458739546944
sj,reanalysis,reanalysis_min_air_temp_k,5,mean,reanalysis_min_air_temp_k_rolling_5_mean,936,0.254738437053653,0.254738437053653
sj,reanalysis,reanalysis_min_air_temp_k,6,mean,reanalysis_min_air_temp_k_rolling_6_mean,936,0.26860428466677716,0.26860428466677716
sj,reanalysis,reanalysis_min_air_temp_k,7,mean,reanalysis_min_air_temp_k_rolling_7_mean,936,0.28104400208446007,0.28104400208446007
sj,reanalysis,reanalysis_min_air_temp_k,8,mean,reanalysis_min_air_temp_k_rolling_8_mean,936,0.2923992093537854,0.2923992093537854
sj,reanalysis,reanalysis_min_air_temp_k,9,mean,reanalysis_min_air_temp_k_rolling_9_mean,936,0.30247961363919484,0.30247961363919484
sj,reanalysis,reanalysis_min_air_temp_k,10,mean,reanalysis_min_air_temp_k_rolling_10_mean,936,0.3112172882687977,0.3112172882687977
sj,reanalysis,reanalysis_min_air_temp_k,11,mean,reanalysis_min_air_temp_k_rolling_11_mean,936,0.3183234392272021,0.3183234392272021
sj,reanalysis,reanalysis_min_air_temp_k,12,mean,reanalysis_min_air_temp_k_rolling_12_mean,936,0.3243370104591888,0.3243370104591888
sj,reanalysis,reanalysis_min_air_temp_k,13,mean,reanalysis_min_air_temp_k_rolling_13_mean,936,0.32918950983923206,0.32918950983923206
sj,reanalysis,reanalysis_min_air_temp_k,14,mean,reanalysis_min_air_temp_k_rolling_14_mean,936,0.3328728778814477,0.3328728778814477
sj,reanalysis,reanalysis_precip_amt_kg_per_m2,1,mean,reanalysis_precip_amt_kg_per_m2_rolling_1_mean,936,0.10693889686901666,0.10693889686901666
sj,reanalysis,reanalysis_precip_amt_kg_per_m2,2,mean,reanalysis_precip_amt_kg_per_m2_rolling_2_mean,936,0.1418237690134642,0.1418237690134642
sj,reanalysis,reanalysis_precip_amt_kg_per_m2,3,mean,reanalysis_precip_amt_kg_per_m2_rolling_3_mean,936,0.16843411933354685,0.16843411933354685
sj,reanalysis,reanalysis_precip_amt_kg_per_m2,4,mean,reanalysis_precip_amt_kg_per_m2_rolling_4_mean,936,0.1860452523721744,0.1860452523721744
sj,reanalysis,reanalysis_precip_amt_kg_per_m2,5,mean,reanalysis_precip_amt_kg_per_m2_rolling_5_mean,936,0.19801197410765511,0.19801197410765511
sj,reanalysis,reanalysis_precip_amt_kg_per_m2,6,mean,reanalysis_precip_amt_kg_per_m2_rolling_6_mean,936,0.206035411345264,0.206035411345264
sj,reanalysis,reanalysis_precip_amt_kg_per_m2,7,mean,reanalysis_precip_amt_kg_per_m2_rolling_7_mean,936,0.21184316493451522,0.21184316493451522
sj,reanalysis,reanalysis_precip_amt_kg_per_m2,8,mean,reanalysis_precip_amt_kg_per_m2_rolling_8_mean,936,0.21357312160876024,0.21357312160876024
sj,reanalysis,reanalysis_precip_amt_kg_per_m2,9,mean,reanalysis_precip_amt_kg_per_m2_rolling_9_mean,936,0.21473629833128174,0.21473629833128174
sj,reanalysis,reanalysis_precip_amt_kg_per_m2,10,mean,reanalysis_precip_amt_kg_per_m2_rolling_10_mean,936,0.21449778707211878,0.21449778707211878
sj,reanalysis,reanalysis_precip_amt_kg_per_m2,11,mean,reanalysis_precip_amt_kg_per_m2_rolling_11_mean,936,0.21326840217952497,0.21326840217952497
sj,reanalysis,reanalysis_precip_amt_kg_per_m2,12,mean,reanalysis_precip_amt_kg_per_m2_rolling_12_mean,936,0.21080041357940804,0.21080041357940804
sj,reanalysis,reanalysis_precip_amt_kg_per_m2,13,mean,reanalysis_precip_amt_kg_per_m2_rolling_13_mean,936,0.2060522454797104,0.2060522454797104
sj,reanalysis,reanalysis_precip_amt_kg_per_m2,14,mean,reanalysis_precip_amt_kg_per_m2_rolling_14_mean,936,0.20226798452613298,0.20226798452613298
sj,reanalysis,reanalysis_relative_humidity_percent,1,mean,reanalysis_relative_humidity_percent_rolling_1_mean,936,0.1444042257378708,0.1444042257378708
sj,reanalysis,reanalysis_relative_humidity_percent,2,mean,reanalysis_relative_humidity_percent_rolling_2_mean,936,0.17103118298434644,0.17103118298434644
sj,reanalysis,reanalysis_relative_humidity_percent,3,mean,reanalysis_relative_humidity_percent_rolling_3_mean,936,0.19207991957950882,0.19207991957950882
sj,reanalysis,reanalysis_relative_humidity_percent,4,mean,reanalysis_relative_humidity_percent_rolling_4_mean,936,0.207331581078564,0.207331581078564
sj,reanalysis,reanalysis_relative_humidity_percent,5,mean,reanalysis_relative_humidity_percent_rolling_5_mean,936,0.21733417818230372,0.21733417818230372
sj,reanalysis,reanalysis_relative_humidity_percent,6,mean,reanalysis_relative_humidity_percent_rolling_6_mean,936,0.22435560489304426,0.22435560489304426
sj,reanalysis,reanalysis_relative_humidity_percent,7,mean,reanalysis_relative_humidity_percent_rolling_7_mean,936,0.23000499586330458,0.23000499586330458
sj,reanalysis,reanalysis_relative_humidity_percent,8,mean,reanalysis_relative_humidity_percent_rolling_8_mean,936,0.23477849899100475,0.23477849899100475
sj,reanalysis,reanalysis_relative_humidity_percent,9,mean,reanalysis_relative_humidity_percent_rolling_9_mean,936,0.24049377137798708,0.24049377137798708
sj,reanalysis,reanalysis_relative_humidity_percent,10,mean,reanalysis_relative_humidity_percent_rolling_10_mean,936,0.2463245090287242,0.2463245090287242
sj,reanalysis,reanalysis_relative_humidity_percent,11,mean,reanalysis_relative_humidity_percent_rolling_11_mean,936,0.2508691462773053,0.2508691462773053
sj,reanalysis,reanalysis_relative_humidity_percent,12,mean,reanalysis_relative_humidity_percent_rolling_12_mean,936,0.254049603287802,0.254049603287802
sj,reanalysis,reanalysis_relative_humidity_percent,13,mean,reanalysis_relative_humidity_percent_rolling_13_mean,936,0.25620141439831334,0.25620141439831334
sj,reanalysis,reanalysis_relative_humidity_percent,14,mean,reanalysis_relative_humidity_percent_rolling_14_mean,936,0.2586429458997727,0.2586429458997727
sj,reanalysis,reanalysis_sat_precip_amt_mm,1,mean,reanalysis_sat_precip_amt_mm_rolling_1_mean,936,0.06029554049239995,0.06029554049239995
sj,reanalysis,reanalysis_sat_precip_amt_mm,2,mean,reanalysis_sat_precip_amt_mm_rolling_2_mean,936,0.09036206421448607,0.09036206421448607
sj,reanalysis,reanalysis_sat_precip_amt_mm,3,mean,reanalysis_sat_precip_amt_mm_rolling_3_mean,936,0.11481301629106494,0.11481301629106494
sj,reanalysis,reanalysis_sat_precip_amt_mm,4,mean,reanalysis_sat_precip_amt_mm_rolling_4_mean,936,0.12844440264729962,0.12844440264729962
sj,reanalysis,reanalysis_sat_precip_amt_mm,5,mean,reanalysis_sat_precip_amt_mm_rolling_5_mean,936,0.1372549517840077,0.1372549517840077
sj,reanalysis,reanalysis_sat_precip_amt_mm,6,mean,reanalysis_sat_precip_amt_mm_rolling_6_mean,936,0.1439902283641902,0.1439902283641902
sj,reanalysis,reanalysis_sat_precip_amt_mm,7,mean,reanalysis_sat_precip_amt_mm_rolling_7_mean,936,0.15081599610365867,0.15081599610365867
sj,reanalysis,reanalysis_sat_precip_amt_mm,8,mean,reanalysis_sat_precip_amt_mm_rolling_8_mean,936,0.15500653714501617,0.15500653714501617
sj,reanalysis,reanalysis_sat_precip_amt_mm,9,mean,reanalysis_sat_precip_amt_mm_rolling_9_mean,936,0.1589728187321423,0.1589728187321423
sj,reanalysis,reanalysis_sat_precip_amt_mm,10,mean,reanalysis_sat_precip_amt_mm_rolling_10_mean,936,0.1621102796388172,0.1621102796388172
sj,reanalysis,reanalysis_sat_precip_amt_mm,11,mean,reanalysis_sat_precip_amt_mm_rolling_11_mean,936,0.16382030078859774,0.16382030078859774
sj,reanalysis,reanalysis_sat_precip_amt_mm,12,mean,reanalysis_sat_precip_amt_mm_rolling_12_mean,936,0.16513076297581664,0.16513076297581664
sj,reanalysis,reanalysis_sat_precip_amt_mm,13,mean,reanalysis_sat_precip_amt_mm_rolling_13_mean,936,0.1655710371089516,0.1655710371089516
sj,reanalysis,reanalysis_sat_precip_amt_mm,14,mean,reanalysis_sat_precip_amt_mm_rolling_14_mean,936,0.1642883773222899,0.1642883773222899
sj,reanalysis,reanalysis_specific_humidity_g_per_kg,1,mean,reanalysis_specific_humidity_g_per_kg_rolling_1_mean,936,0.20694226155744558,0.20694226155744558
sj,reanalysis,reanalysis_specific_humidity_g_per_kg,2,mean,reanalysis_specific_humidity_g_per_kg_rolling_2_mean,936,0.2243539445755737,0.2243539445755737
sj,reanalysis,reanalysis_specific_humidity_g_per_kg,3,mean,reanalysis_specific_humidity_g_per_kg_rolling_3_mean,936,0.23948244512093858,0.23948244512093858
sj,reanalysis,reanalysis_specific_humidity_g_per_kg,4,mean,reanalysis_specific_humidity_g_per_kg_rolling_4_mean,936,0.2532479021514098,0.2532479021514098
sj,reanalysis,reanalysis_specific_humidity_g_per_kg,5,mean,reanalysis_specific_humidity_g_per_kg_rolling_5_mean,936,0.2654307646957905,0.2654307646957905
sj,reanalysis,reanalysis_specific_humidity_g_per_kg,6,mean,reanalysis_specific_humidity_g_per_kg_rolling_6_mean,936,0.2763694588300557,0.2763694588300557
sj,reanalysis,reanalysis_specific_humidity_g_per_kg,7,mean,reanalysis_specific_humidity_g_per_kg_rolling_7_mean,936,0.28617235462251484,0.28617235462251484
sj,reanalysis,reanalysis_specific_humidity_g_per_kg,8,mean,reanalysis_specific_humidity_g_per_kg_rolling_8_mean,936,0.29503300958507783,0.29503300958507783
sj,reanalysis,reanalysis_specific_humidity_g_per_kg,9,mean,reanalysis_specific_humidity_g_per_kg_rolling_9_mean,936,0.30355921915541384,0.30355921915541384
sj,reanalysis,reanalysis_specific_humidity_g_per_kg,10,mean,reanalysis_specific_humidity_g_per_kg_rolling_10_mean,936,0.3110494442678632,0.3110494442678632
sj,reanalysis,reanalysis_specific_humidity_g_per_kg,11,mean,reanalysis_specific_humidity_g_per_kg_rolling_11_mean,936,0.3173395813803739,0.3173395813803739
sj,reanalysis,reanalysis_specific_humidity_g_per_kg,12,mean,reanalysis_specific_humidity_g_per_kg_rolling_12_mean,936,0.32235440801054177,0.32235440801054177
sj,reanalysis,reanalysis_specific_humidity_g_per_kg,13,mean,reanalysis_specific_humidity_g_per_kg_rolling_13_mean,936,0.3263028106554814,0.3263028106554814
sj,reanalysis,reanalysis_specific_humidity_g_per_kg,14,mean,reanalysis_specific_humidity_g_per_kg_rolling_14_mean,936,0.3291767146411031,0.3291767146411031
sj,reanalysis,reanalysis_tdtr_k,1,mean,reanalysis_tdtr_k_rolling_1_mean,936,-0.06762267791072368,0.06762267791072368
sj,reanalysis,reanalysis_tdtr_k,2,mean,reanalysis_tdtr_k_rolling_2_mean,936,-0.08572513838547186,0.08572513838547186
sj,reanalysis,reanalysis_tdtr_k,3,mean,reanalysis_tdtr_k_rolling_3_mean,936,-0.1014011667012339,0.1014011667012339
sj,reanalysis,reanalysis_tdtr_k,4,mean,reanalysis_tdtr_k_rolling_4_mean,936,-0.1086682982048435,0.1086682982048435
sj,reanalysis,reanalysis_tdtr_k,5,mean,reanalysis_tdtr_k_rolling_5_mean,936,-0.11260250324309386,0.11260250324309386
sj,reanalysis,reanalysis_tdtr_k,6,mean,reanalysis_tdtr_k_rolling_6_mean,936,-0.11347107363246005,0.11347107363246005
sj,reanalysis,reanalysis_tdtr_k,7,mean,reanalysis_tdtr_k_rolling_7_mean,936,-0.11413790113762841,0.11413790113762841
sj,reanalysis,reanalysis_tdtr_k,8,mean,reanalysis_tdtr_k_rolling_8_mean,936,-0.11486808690128478,0.11486808690128478
sj,reanalysis,reanalysis_tdtr_k,9,mean,reanalysis_tdtr_k_rolling_9_mean,936,-0.11583194227959483,0.11583194227959483
sj,reanalysis,reanalysis_tdtr_k,10,mean,reanalysis_tdtr_k_rolling_10_mean,936,-0.11710819079548387,0.11710819079548387
sj,reanalysis,reanalysis_tdtr_k,11,mean,reanalysis_tdtr_k_rolling_11_mean,936,-0.11724115397144265,0.11724115397144265
sj,reanalysis,reanalysis_tdtr_k,12,mean,reanalysis_tdtr_k_rolling_12_mean,936,-0.11670035741030467,0.11670035741030467
sj,reanalysis,reanalysis_tdtr_k,13,mean,reanalysis_tdtr_k_rolling_13_mean,936,-0.11555448939794807,0.11555448939794807
sj,reanalysis,reanalysis_tdtr_k,14,mean,reanalysis_tdtr_k_rolling_14_mean,936,-0.1153690019130548,0.1153690019130548
sj,station,station_avg_temp_c,1,mean,station_avg_temp_c_rolling_1_mean,936,0.19482282979430351,0.19482282979430351
sj,station,station_avg_temp_c,2,mean,station_avg_temp_c_rolling_2_mean,936,0.21397224759701286,0.21397224759701286
sj,station,station_avg_temp_c,3,mean,station_avg_temp_c_rolling_3_mean,936,0.23170044248769925,0.23170044248769925
sj,station,station_avg_temp_c,4,mean,station_avg_temp_c_rolling_4_mean,936,0.25037365449215054,0.25037365449215054
sj,station,station_avg_temp_c,5,mean,station_avg_temp_c_rolling_5_mean,936,0.26837643668551464,0.26837643668551464
sj,station,station_avg_temp_c,6,mean,station_avg_temp_c_rolling_6_mean,936,0.28583098047199934,0.28583098047199934
sj,station,station_avg_temp_c,7,mean,station_avg_temp_c_rolling_7_mean,936,0.30175276607761725,0.30175276607761725
sj,station,station_avg_temp_c,8,mean,station_avg_temp_c_rolling_8_mean,936,0.3167617814995765,0.3167617814995765
sj,station,station_avg_temp_c,9,mean,station_avg_temp_c_rolling_9_mean,936,0.3307086719783515,0.3307086719783515
sj,station,station_avg_temp_c,10,mean,station_avg_temp_c_rolling_10_mean,936,0.3435662437033582,0.3435662437033582
sj,station,station_avg_temp_c,11,mean,station_avg_temp_c_rolling_11_mean,936,0.3556342666099326,0.3556342666099326
sj,station,station_avg_temp_c,12,mean,station_avg_temp_c_rolling_12_mean,936,0.36669285965393517,0.36669285965393517
sj,station,station_avg_temp_c,13,mean,station_avg_temp_c_rolling_13_mean,936,0.3769563350810084,0.3769563350810084
sj,station,station_avg_temp_c,14,mean,station_avg_temp_c_rolling_14_mean,936,0.38583343222279104,0.38583343222279104
sj,station,station_diur_temp_rng_c,1,mean,station_diur_temp_rng_c_rolling_1_mean,936,0.03530348519023268,0.03530348519023268
sj,station,station_diur_temp_rng_c,2,mean,station_diur_temp_rng_c_rolling_2_mean,936,0.03173303012272193,0.03173303012272193
sj,station,station_diur_temp_rng_c,3,mean,station_diur_temp_rng_c_rolling_3_mean,936,0.028054011876630956,0.028054011876630956
sj,station,station_diur_temp_rng_c,4,mean,station_diur_temp_rng_c_rolling_4_mean,936,0.02449437847950332,0.02449437847950332
sj,station,station_diur_temp_rng_c,5,mean,station_diur_temp_rng_c_rolling_5_mean,936,0.02103980327771434,0.02103980327771434
sj,station,station_diur_temp_rng_c,6,mean,station_diur_temp_rng_c_rolling_6_mean,936,0.01824102442078178,0.01824102442078178
sj,station,station_diur_temp_rng_c,7,mean,station_diur_temp_rng_c_rolling_7_mean,936,0.016456630551915295,0.016456630551915295
sj,station,station_diur_temp_rng_c,8,mean,station_diur_temp_rng_c_rolling_8_mean,936,0.0144588619938218,0.0144588619938218
sj,station,station_diur_temp_rng_c,9,mean,station_diur_temp_rng_c_rolling_9_mean,936,0.013092739966473288,0.013092739966473288
sj,station,station_diur_temp_rng_c,10,mean,station_diur_temp_rng_c_rolling_10_mean,936,0.01133156748451901,0.01133156748451901
sj,station,station_diur_temp_rng_c,11,mean,station_diur_temp_rng_c_rolling_11_mean,936,0.00930197882208612,0.00930197882208612
sj,station,station_diur_temp_rng_c,12,mean,station_diur_temp_rng_c_rolling_12_mean,936,0.008450957185863224,0.008450957185863224
sj,station,station_diur_temp_rng_c,13,mean,station_diur_temp_rng_c_rolling_13_mean,936,0.00893416514775783,0.00893416514775783
sj,station,station_diur_temp_rng_c,14,mean,station_diur_temp_rng_c_rolling_14_mean,936,0.010242145712880997,0.010242145712880997
sj,station,station_max_temp_c,1,mean,station_max_temp_c_rolling_1_mean,936,0.1884474927835803,0.1884474927835803
sj,station,station_max_temp_c,2,mean,station_max_temp_c_rolling_2_mean,936,0.21024009871436536,0.21024009871436536
sj,station,station_max_temp_c,3,mean,station_max_temp_c_rolling_3_mean,936,0.2284429443003506,0.2284429443003506
sj,station,station_max_temp_c,4,mean,station_max_temp_c_rolling_4_mean,936,0.24698867319209306,0.24698867319209306
sj,station,station_max_temp_c,5,mean,station_max_temp_c_rolling_5_mean,936,0.2644047114117624,0.2644047114117624
sj,station,station_max_temp_c,6,mean,station_max_temp_c_rolling_6_mean,936,0.28094428670052546,0.28094428670052546
sj,station,station_max_temp_c,7,mean,station_max_temp_c_rolling_7_mean,936,0.29676820417916094,0.29676820417916094
sj,station,station_max_temp_c,8,mean,station_max_temp_c_rolling_8_mean,936,0.31091247265018074,0.31091247265018074
sj,station,station_max_temp_c,9,mean,station_max_temp_c_rolling_9_mean,936,0.3246528186349832,0.3246528186349832
sj,station,station_max_temp_c,10,mean,station_max_temp_c_rolling_10_mean,936,0.3368144211049639,0.3368144211049639
sj,station,station_max_temp_c,11,mean,station_max_temp_c_rolling_11_mean,936,0.34850924150797513,0.34850924150797513
sj,station,station_max_temp_c,12,mean,station_max_temp_c_rolling_12_mean,936,0.3601219764789991,0.3601219764789991
sj,station,station_max_temp_c,13,mean,station_max_temp_c_rolling_13_mean,936,0.37128490681201487,0.37128490681201487
sj,station,station_max_temp_c,14,mean,station_max_temp_c_rolling_14_mean,936,0.3810753476840157,0.3810753476840157
sj,station,station_min_temp_c,1,mean,station_min_temp_c_rolling_1_mean,936,0.17524817336023485,0.17524817336023485
sj,station,station_min_temp_c,2,mean,station_min_temp_c_rolling_2_mean,936,0.2047676654805479,0.2047676654805479
sj,station,station_min_temp_c,3,mean,station_min_temp_c_rolling_3_mean,936,0.22752519993630202,0.22752519993630202
sj,station,station_min_temp_c,4,mean,station_min_temp_c_rolling_4_mean,936,0.24954763178911663,0.24954763178911663
sj,station,station_min_temp_c,5,mean,station_min_temp_c_rolling_5_mean,936,0.26976883920311623,0.26976883920311623
sj,station,station_min_temp_c,6,mean,station_min_temp_c_rolling_6_mean,936,0.28902652653522065,0.28902652653522065
sj,station,station_min_temp_c,7,mean,station_min_temp_c_rolling_7_mean,936,0.30645831400219303,0.30645831400219303
sj,station,station_min_temp_c,8,mean,station_min_temp_c_rolling_8_mean,936,0.32235395152939006,0.32235395152939006
sj,station,station_min_temp_c,9,mean,station_min_temp_c_rolling_9_mean,936,0.3368873436226605,0.3368873436226605
sj,station,station_min_temp_c,10,mean,station_min_temp_c_rolling_10_mean,936,0.3508151201677727,0.3508151201677727
sj,station,station_min_temp_c,11,mean,station_min_temp_c_rolling_11_mean,936,0.36404088591258,0.36404088591258
sj,station,station_min_temp_c,12,mean,station_min_temp_c_rolling_12_mean,936,0.37569306953758425,0.37569306953758425
sj,station,station_min_temp_c,13,mean,station_min_temp_c_rolling_13_mean,936,0.38611695048104444,0.38611695048104444
sj,station,station_min_temp_c,14,mean,station_min_temp_c_rolling_14_mean,936,0.3949923294972017,0.3949923294972017
sj,station,station_precip_mm,1,mean,station_precip_mm_rolling_1_mean,936,0.05188296055713842,0.05188296055713842
sj,station,station_precip_mm,2,mean,station_precip_mm_rolling_2_mean,936,0.07526148676987407,0.07526148676987407
sj,station,station_precip_mm,3,mean,station_precip_mm_rolling_3_mean,936,0.09095721370032159,0.09095721370032159
sj,station,station_precip_mm,4,mean,station_precip_mm_rolling_4_mean,936,0.09869281251577884,0.09869281251577884
sj,station,station_precip_mm,5,mean,station_precip_mm_rolling_5_mean,936,0.10072766494816299,0.10072766494816299
sj,station,station_precip_mm,6,mean,station_precip_mm_rolling_6_mean,936,0.10010594086851012,0.10010594086851012
sj,station,station_precip_mm,7,mean,station_precip_mm_rolling_7_mean,936,0.09850990751800143,0.09850990751800143
sj,station,station_precip_mm,8,mean,station_precip_mm_rolling_8_mean,936,0.0936932538585364,0.0936932538585364
sj,station,station_precip_mm,9,mean,station_precip_mm_rolling_9_mean,936,0.0887650343255849,0.0887650343255849
sj,station,station_precip_mm,10,mean,station_precip_mm_rolling_10_mean,936,0.0835371843744712,0.0835371843744712
sj,station,station_precip_mm,11,mean,station_precip_mm_rolling_11_mean,936,0.0786259164834997,0.0786259164834997
sj,station,station_precip_mm,12,mean,station_precip_mm_rolling_12_mean,936,0.07411702316658678,0.07411702316658678
sj,station,station_precip_mm,13,mean,station_precip_mm_rolling_13_mean,936,0.06808511029451073,0.06808511029451073
sj,station,station_precip_mm,14,mean,station_precip_mm_rolling_14_mean,936,0.0609364604174713,0.0609364604174713
